LOJA,S01,S02,S03,S04,S05,S06,S07,S08,S09,S10,S11,S12,S13,S14,S15,S16,S17,S18,S19,S20,S21,S22,S23,S24,S25,S26,S27,S28,S29,S30,S31,S32,S33,S34,S35,S36,S37,S38,S39,S40,S41,S42,S43,S44,S45,S46,S47,S48,S49,S50,S51,S52
L01,4.55219883990106,5.09158035305164,5.20020362792282,4.94217169543559,4.79217295537016,4.68871521172994,4.6708781275803,4.53156213209799,4.08913784706137,4.54767298834029,4.43283987130173,4.38222742342262,4.19385818018984,4.34992266889467,4.28158984814966,3.86503860450838,3.52365437772341,4.11435717251608,4.02546245546246,4.42301959286505,4.24155479041646,4.04796679252626,4.19682765689468,4.07468093129109,3.68233415801914,3.79827463339761,4.12191381739769,4.08963567767609,4.09780792860961,4.05108759209558,3.89048245766237,3.94623116493851,3.86634206475256,4.08335904955861,3.88028715551717,4.24602409293077,4.13895270904985,4.26407862169233,3.7884823036123,4.05698658932963,4.05664619254909,4.13799496558805,4.05788122575304,4.05369687792375,4.18588582275794,4.12208463373809,4.01988472397784,4.17403109774317,4.14389527302462,4.32464006858536,4.41483225243698,4.06851320078523
L02,-0.0599561416993004,0.128090284075238,0.367743750236761,0.176491963644008,0.0276858949311846,0.130066837354076,0.185068781034296,0.285169400689025,-0.0732037183862989,-0.196329846320343,-0.00374734536111668,-0.0265836239185132,0.0119680128859701,-0.121209422080544,-0.0583730814690591,-0.278008440305011,-0.0736569057677341,0.0173486839679909,0.268106678361723,0.307144534331727,0.280526329672573,0.262399533679451,0.330166923465935,0.243889819211943,-0.0953595760157647,0.387942857327079,0.174740235471898,0.228113110376772,0.325782557049557,0.123320563509267,0.108111413203568,0.302904459730601,0.187938311747278,0.244748955119708,0.184544612611194,0.24153419017642,0.290631992064221,0.0366810857216506,0.125934425440667,0.106302801939342,0.0879692472661769,0.12229646770423,0.206951156114307,0.276735004066555,0.259680596412368,0.195303225727045,-0.0643738652881401,-0.11611364879256,-0.0212322383553714,0.0538630643323874,0.0105389764324981,0.321230687304679
L03,-0.870883101661513,-0.816733197811102,-0.872851669616282,-0.89887981946862,-0.869626365886324,-0.896503192662008,-0.893414451934254,-0.809127824304969,-0.720927875877709,-0.969606554123952,-0.978788443711426,-0.927545030896497,-0.86823856469515,-0.78998198090304,-0.888999514615997,-0.829373865742476,-0.805991354939335,-0.693049078284646,-0.95827626079144,-0.877530116780958,-0.863062962710481,-0.817702179111234,-0.86511744830851,-1.12104575086479,-0.998208295891851,-0.714696768698474,-0.977250199514384,-1.11112778693275,-0.970073403151056,-0.957893172610611,-0.985973774020216,-1.04590714397738,-0.942326629545752,-0.907106378091857,-0.905258078952083,-0.890530676359784,-1.00118701713732,-0.987212560726483,-0.909345157454114,-0.717008626393549,-0.8322475196664,-0.980162188697465,-0.917409234108682,-0.956113076745838,-1.00257887928696,-1.12325777902841,-1.04964052457939,-1.18153616852968,-1.08253398560225,-1.04210516463594,-1.06671996206373,-1.03923006952631
L04,-0.27473048805179,-0.238328869505399,-0.453011634204439,-0.576251219494575,-0.384301885560892,-0.48812846331589,-0.34547474652771,-0.310134221737795,-0.27346706755546,-0.622239956656684,-0.534005829788626,-0.408594524255049,-0.102297356476771,-0.176768631186156,-0.217555852938721,-0.189275275829668,-0.0932340600719439,0.17794769719872,-0.443046623316349,-0.153407837200928,-0.2017857031503,-0.250848033110333,-0.183808491403151,-0.246112532236305,-0.320059212566762,-0.300264061182179,-0.50094224152399,-0.397819845014017,-0.37942122456634,-0.27802318016796,-0.228444541237203,-0.36607531617351,-0.294367775405619,-0.298416392181239,-0.0836658230986276,-0.246191014907007,-0.268146083681247,-0.337904173983225,-0.279604847789603,-0.211577270411639,-0.403120283979615,-0.270502652633083,-0.121301533925752,-0.159267754864836,-0.288538908610468,-0.245713016022758,-0.261211506657138,-0.428711122148153,-0.295385968170613,-0.277972254937933,-0.0765103219273852,0.0263577265071396
L05,-0.360176718255418,-0.313198948413234,-0.383271701816063,-0.383872248849209,-0.189432845980528,-0.261307694124856,-0.194028866649135,-0.3918654352708,-0.276355834447499,-0.173164212566739,-0.290725150478773,-0.375170956863762,-0.375441932893243,-0.294513009462517,-0.185690022223378,-0.284365150404912,-0.276685816300985,-0.0997179800199764,-0.292339789551896,-0.277430805661315,-0.230590928391628,-0.354545548690407,-0.41881462574443,-0.459586435193819,-0.540957398807933,-0.318016851718373,-0.262364558192421,-0.331788401474882,-0.356261596015465,-0.443076373606619,-0.52483049485113,-0.493941434263208,-0.645754514966026,-0.322787460037162,-0.453631677209832,-0.322575915488028,-0.322957013937627,-0.303073457306459,-0.310126251450514,-0.291085525655718,-0.390878882676849,-0.13744623853215,-0.377859112398727,-0.353433985842264,-0.314504812067973,-0.375651936690933,-0.543073129370087,-0.522049433947219,-0.490718411145397,-0.463540683430968,-0.426390517441633,-0.361204725241566
L06,2.46636203498186,2.18913284594357,2.31548259246385,2.07657758413698,2.41551597719823,2.46429082218317,2.04153150245372,1.82688012372313,1.93405829194357,2.02466047567454,1.97168382008298,2.15796386260649,2.14910023105411,2.22788473216111,2.35516039112689,1.9064817880963,2.51565682629561,2.3510219199282,1.74403970387257,2.16599649403804,2.08541183038746,1.64507395563366,1.88523344386073,1.71063451703648,1.81850195657837,1.99901921907424,2.24022353059624,2.39600620854205,1.50671006936275,1.81381536915492,1.85041891235143,1.52287860323106,1.81515870736941,1.81073958811443,1.90701254772904,2.12856817219941,2.17765305772174,2.02928309625442,2.14315540424881,2.37211609742126,2.13362335695616,2.39490444300721,1.69877337054907,1.73410999481141,2.0051171033941,1.95757693141624,1.81607545484286,1.62298917737355,2.03329736375583,1.75349733613177,1.92120582980624,1.82191521922046
L07,0.60119495900377,0.454801229510932,0.340795724482229,0.734386623559869,0.631481753182393,0.771651388031891,0.728237328840829,0.654079318051074,0.343687856270322,0.894576781259958,0.752632559497094,0.628770638131599,0.681384059473344,0.800395557251685,0.77647496304321,0.700302905488253,0.762937684013953,0.813339591026501,0.802505233332489,0.70425476311643,0.650381284622756,0.806264276277862,0.531696727714104,0.127941868897394,0.033566810686623,-0.037001125677578,0.0158284949762324,0.113874757633785,0.0046898173558643,0.11256308482647,0.0464533013615758,0.0449215205215889,0.0507945702680777,0.0485838614348649,-0.0249622892426509,0.122684026391749,0.0838607122982795,-0.0505588215499934,-0.179598069719974,-0.035715779088958,-0.0563212842103577,-0.188893853745411,-0.234570159510194,-0.280345946536407,-0.156758595025918,-0.174873746199517,-0.106695857106295,-0.0304097675487371,0.153395827416683,0.141424211139668,0.0537161287877449,-0.197967080397721
L08,0.995852877231256,0.620633390686199,0.487019305247568,0.710377069830755,0.808802997272705,0.939918380101789,0.708839768245848,0.750316461247903,0.650650094535685,0.657865728144049,0.723920913965171,0.634937836034825,0.50013137115362,0.743804285924534,0.831448702595647,0.778123818456363,0.667229355234214,0.660895358214768,0.528305800771481,0.61757590663919,0.62881304267588,0.444117455772894,0.447714556396031,0.439460583372622,0.419063312251137,0.557968203953534,0.524890254685984,0.780944035440326,0.806159558012554,0.938885622928861,0.578005228135598,0.546640623204864,0.670595726323857,0.699395151116925,0.456037166445262,0.761448815095897,0.651971891463133,0.566185465939499,0.624076964357083,0.713802471139715,0.54752860260939,0.486427081791115,0.653542185586089,0.281052036621362,0.540910078667421,0.74799499483425,0.621786526090014,0.605340305651966,0.552996242511401,0.712347092055864,0.570270349193242,0.340234684764738
L09,0.114532597823899,0.0338226475118251,0.666683740966668,0.55868003759371,0.515427303180016,0.294736851124236,0.52190052335828,0.648935325681374,0.468844532902275,0.220496795106632,0.340482416836056,0.432490268717524,0.486429879395599,0.34003518081404,0.414481604828337,0.239951440157691,0.350782366818235,0.34893661586652,0.466376568892619,0.606597452676223,0.384374151576187,0.482261987829451,0.381445272083512,0.346914269480618,0.254780507772526,0.460434375634224,0.266517562521924,0.626837919725991,0.481748638705041,0.481160081885877,0.511699402488865,0.722007394587835,0.468290181359858,0.325606211775012,0.254553252856575,0.239795266917554,0.460418265437323,0.465615436550852,0.593712194213687,0.4015754169017,0.683582080170465,0.370312832693578,0.263270079714829,0.206735944832092,0.140522175138665,0.0831550029281607,0.105964871773417,-0.0478074796080268,0.197310205603744,0.28981281236541,0.431124391129127,0.508111936701439
L10,-0.173841780718818,-0.33970852139663,-0.463757814284915,-0.449072321760213,-0.714609092887688,-0.333855014996951,-0.269819950754962,-0.392439257574144,-0.565399722217461,-0.287982991922341,-0.362981215543338,-0.228008539828601,-0.239800589128947,-0.261623053212818,-0.252115651605954,-0.0732999624829307,-0.280573525675556,-0.158343860329716,-0.243400843963251,-0.160653481639731,-0.202878613031786,-0.158585088607122,-0.339934515081609,-0.384474444557271,-0.242812146713912,-0.468699237594969,-0.330457480866307,-0.36683233792454,-0.290125348303052,-0.222986176255743,-0.253025635555559,-0.302678374472713,-0.18591213248534,-0.228320577681834,-0.303411632626817,-0.240435600767682,-0.184624618873474,-0.243506914150958,-0.307762403707988,-0.283784549901206,-0.286314714002295,-0.228422343856228,-0.359571883182394,-0.295467133747707,-0.177013962794827,-0.137475059901709,-0.18438547810008,-0.0305676108123484,-0.16919406706105,-0.105891125643413,-0.0497101377429757,-0.347336552205135
L11,0.268860568493022,0.11569505077695,0.0592620924895503,0.0664838313643499,0.119991390313867,-0.0238108358157568,-0.0661134339620896,-0.31685479613276,-0.164496906271464,-0.0321922001465604,-0.076543272824736,0.0987452498143017,0.304095390877637,0.148085677941641,0.0651089550415404,0.121785516238911,0.261511454020335,0.044411088023617,0.0557513539143647,0.0191380200684174,0.0159229189980177,-0.0960300745635792,-0.0842438098734741,-0.130625820095664,-0.305979055746437,-0.0585852970880762,-0.216559918227005,-0.440553916472489,-0.213779419167641,-0.25833060208152,-0.250314584033021,-0.091701817864215,-0.493936448624786,-0.120670841127689,-0.227898820047772,-0.10454525108303,-0.0446215854497798,-0.204035554677127,0.102167799529205,-0.0391130085839331,-0.0647816052103495,0.0456550704908642,0.222357296322901,0.15497933621097,0.0132035749480138,0.0410248191227623,-0.0595118324163401,-0.222354076352363,-0.143705987079524,0.0743562599301328,0.05928705471013,-0.110304525495991
L12,2.6631841795937,2.25639760741384,2.37491418298026,2.34962150999178,2.45333496063064,2.62557682137261,2.50933823633426,2.53495303629513,2.55016672057763,3.28759195291412,2.65695718740909,2.66678769424971,2.44350817627355,2.53062974881154,2.34607977632064,3.15562147046397,2.91755546709338,2.90102033109904,2.43900501055465,2.52799870698649,2.61198694369072,2.42267377788397,2.28535463878624,2.34714565013271,2.89441158708447,2.60031327330207,2.76177799747158,2.79166419595227,2.67278322478067,3.23731891043153,2.70165387952606,2.26862797196597,2.80764563771908,2.43840737084607,2.67990535498716,2.84096878285233,2.54364362468487,2.43320748442678,2.47831151226325,2.8896743193479,2.82025434629151,2.48414419367402,2.54068431633773,2.84912297124351,2.73919446844591,3.14917500851366,3.31848476356382,3.22809584641415,3.05485384485868,3.05647733482893,2.95802984131198,2.64969711477047
L13,1.14602267602744,0.537095267045819,0.918003422241515,0.625648701475244,0.455555151892192,0.700520521888964,0.574287474431559,0.70204034000207,0.424448088654832,0.995850027717362,0.807066410289533,0.816234484209852,0.866389481294181,0.941046244329297,0.796436392006382,1.55946670308778,1.09972686863942,1.04100081043696,0.650420756878126,0.583695784188759,0.746504389744983,0.608620045311395,0.56729296062083,0.778881181873579,0.986195361755159,0.517275195350542,0.651190231333647,0.741737175679042,0.704715653403166,1.06949227863068,0.885195352667785,0.801723109271645,0.889582803138025,0.624364868659996,0.805965358646127,0.417595934133096,0.692402589472525,0.655109413307693,0.64546252855026,0.760497735320518,1.08075767437054,0.743425510495688,0.592856766085012,0.270239625012376,0.772450335627027,1.26916683969798,1.04370418818802,0.844424671478546,1.0268985559841,0.90811060002549,0.877595049930709,0.900032489690504
L14,1.52887399112448,1.06696372214017,1.25360210396391,0.813129189566928,1.05572934265362,0.918796244853232,0.846779245900166,1.22507332659857,1.39803726396435,1.45354468335242,0.848744510770236,1.14788114425786,1.17206763828081,1.06053489010717,0.964989984486681,1.71458859316215,1.26500874285694,1.38241964830805,0.913687597845245,0.821860413940308,0.845774175259237,1.07217646925651,0.8230620153093,0.988419814468704,1.42803988335276,0.751028773488881,1.13003833460244,1.05608489545707,1.17989344282301,1.14451636631831,1.05262369457359,0.859057284612427,0.914339503471447,1.05970470704462,0.907450476271012,0.941150542256123,1.06965986257885,0.945436080163364,1.16612716391647,1.4229446732533,1.50880833184357,1.07207440548927,1.04253762662133,1.27340784841754,0.981601918427727,1.33584811066663,1.58506873688857,1.17399089122984,1.28266888538103,1.23708449397145,0.826472085658461,1.17258900096396
L15,-0.646224690585261,-0.492358946579478,-0.342770385157179,-0.330692385843326,-0.39706616593205,-0.679241261342335,-0.502044991591295,-0.543572212530973,-0.802459818310551,-0.641345158791557,-0.494407209398114,-0.297680417523346,-0.286631648930027,-0.316609852612346,-0.273848630210753,-0.284465535802673,-0.226692023629371,-0.217336169780001,-0.427733482005101,-0.430804339353059,-0.385353836539759,-0.481089696421496,-0.512792979057567,-0.502905045730591,-0.581056786837,-0.376134651974057,-0.644467951368166,-0.646778337055817,-0.636936705781191,-0.572504806026691,-0.709755397277541,-0.59888293755753,-0.690773347557501,-0.36473685858432,-0.48553869930443,-0.343936065402214,-0.31289090392257,-0.309770151797693,-0.321618219695454,-0.290376543351972,-0.371826594923153,-0.00560795060595418,-0.170657418917278,-0.162842541534518,-0.203411721120216,-0.331498847292004,-0.222383545316097,-0.531138914061844,-0.385481679426297,-0.357366360579745,-0.276773420579043,-0.469886835270205
L16,-0.236763723039824,-0.252301332984232,-0.226999092979663,-0.27062681457189,-0.311026249439762,-0.0731029402813768,-0.236158788230437,-0.442422009865184,-0.371453977200629,-0.0699286385138289,-0.0961779017889356,-0.093422218341247,-0.202816549320147,-0.159238940558692,-0.183520829968522,0.0473266347563202,-0.213174824517123,-0.112374541819956,-0.160426831107201,-0.226474394487361,-0.20285630874849,-0.00324514747852031,-0.0464684242839918,-0.150539196323179,-0.0425162044148408,-0.148739181904033,-0.0706506113982637,-0.238692107494427,-0.137521697169178,-0.047583373792495,-0.180802373422481,-0.0676129939492568,-0.149321914225059,-0.220360913415284,-0.264584334130491,-0.0161797640417422,-0.114720888932217,-0.149651065680855,-0.284370523316408,-0.28752932080576,-0.30180771967535,-0.294790883495765,-0.231325685151993,-0.196319881655776,-0.0436295119228476,0.0750662133060069,0.062023018614814,0.0684650106988815,-0.0124342285917832,-0.0180399226974964,-0.0148280137480494,-0.00724387134707702
L17,1.20524799279777,1.67816818550862,1.2590030855804,1.68670518642029,1.45349967376231,1.5026620048726,1.69379418090527,1.83802591092962,1.7565537392572,1.40879871137697,1.68674585146933,1.72099703152294,1.89880343783444,1.58966703775039,1.4668694479878,1.19328398661536,1.52010091587065,1.36533036859171,1.54942711696188,1.44537960897145,1.58214752228501,1.5306024269909,1.75289208385559,1.56010155361355,1.21541162535734,2.10466636050691,1.69511278911305,1.82527866914417,2.06901568612975,1.90614403895895,1.84701523355932,1.64030981291336,1.87193876665981,1.72930233373933,1.82608743699331,1.57140680668192,1.69891373109311,1.71238950682715,1.74055432442843,1.47845438245779,1.18367896941474,1.55478236516756,1.79868778242637,1.7481007916905,1.78197178610627,1.78582953135948,1.55026019091912,1.72108743083797,1.7035027725914,1.63801999784514,1.58988025746861,1.5816514711077
L18,0.795231751341442,0.218496076420716,0.188487658185769,0.266627484022408,0.259252588461707,0.248245043851069,0.240425599548943,-0.0461200201339224,-0.12122279823198,0.34076018331865,0.107985816467479,0.290294184297792,0.206936778069817,0.226021645546104,0.281159288570577,0.466917478113104,0.224868148612106,0.204205670093637,-0.00768281881982619,0.0759120298233789,0.245387082741361,0.195831275323153,0.0180245961873136,-0.044425142609952,0.104677405939051,0.0815748946459156,0.0967901364049947,-0.0913070512462414,0.112283370320317,0.0858537048324417,0.0933721420096579,-0.111503614056496,0.147731479866662,0.122787670854665,0.147544301971981,0.142073178482717,-0.00551411851522175,0.0517452178299048,0.174893841493282,-0.0702628394443948,-0.607019699680697,0.112222178801433,0.068635528910922,0.259684938609058,0.122370421114561,0.138262718321562,0.0777341510710075,-0.0924339555624148,-0.222032217468656,-0.298408451540814,-0.374879331244928,-0.358138528423789
L19,0.849103012579745,1.21456160301115,1.57090491924136,1.4461816926882,1.54515450500494,1.455293953809,1.45875901169058,1.65437845751543,1.59985590812833,1.29037956928995,1.6242849591593,1.49684334609527,1.33674535445342,1.28205044361498,1.47656545598593,1.22790245732819,1.37384689477526,1.32036290673911,1.7582743796946,1.48881360414135,1.43457902848946,1.32577274233663,1.32273669898158,1.2561410178803,1.2390550295473,1.71191521377689,1.46089891000571,1.73201350895721,1.44014442577154,1.4368031026381,1.63842616129127,1.97937318704649,1.84725561536873,1.71966863655225,1.47295517906633,1.48537912615342,1.54790298485412,1.63376178643807,1.6896308757131,1.62862978914518,1.81757424074215,1.25162955753873,1.11648905245598,1.19683523979998,1.32618889549932,1.30417778332813,1.4587056045332,1.43559895271843,1.49114397138812,1.49843376276372,1.48643903952326,1.48838071940159
L20,0.476482306077625,0.221239579714357,0.14981271308328,0.206826669222739,0.261674673240161,0.534701417741829,0.235617286246955,0.142401412910182,0.129948872670827,0.228762239091981,0.132787894775106,0.253391365001173,0.204566269354412,0.269743813564993,0.345478652737765,0.682603489607184,0.37686080456402,0.296088554458456,0.328052245076533,0.399362741103878,0.361621282429496,0.268988047043366,0.238863593924074,0.318450842560502,0.241993670076089,0.236423186372509,0.167162564315779,0.144508368916521,0.322125005878775,0.376378420165668,0.346166121372091,0.513570988513871,0.250736417161126,0.163304331293141,0.221785510898069,0.312457158626358,0.253221675996727,0.168218484970529,0.158822204292926,0.162073615133628,-0.0266389698461505,0.298263604114298,0.254891566760492,0.238901173986367,0.133251516525388,0.115850893375104,0.191093940743438,0.240596478183883,0.101452568814156,0.110046453921844,0.221081852250779,0.461703355193719
L21,1.15737577000588,0.890327691697704,0.700025028947071,0.855206399016241,0.741027597268108,0.794023472712469,0.844339989293,0.719770211647146,0.730766153278088,0.315403395961988,0.790088925099851,0.742266503201221,0.69930793944811,0.748277031046349,0.693151313205257,0.938162130870455,0.924746508681146,0.835666347134891,0.783783878403026,0.955428110810295,0.965798063482903,0.788308438343934,0.663149545054307,0.69815245397071,0.932434050569717,0.87984636599075,0.884102936217002,0.785182485000106,1.13463606016889,1.04265743627211,1.02048484947267,1.04070227870874,1.06372290452896,0.850783092872966,0.859255189993551,0.789846164595715,0.910172413631557,0.834354825743183,0.782803209496583,1.08739819310552,1.12896446526667,0.79387352256924,1.01470137194379,1.07950184680351,0.918008875948793,1.03991681952802,0.943735777523972,0.999815347320132,0.999056293399935,1.09573210200071,1.16023022844301,1.08939792665391
L22,1.95489022930098,2.53190360950311,2.21582777666952,2.30210787895988,2.36612288279914,2.28550047042141,2.15252951765288,2.26449471397252,2.20939601392694,1.79745135562666,2.25601082712924,2.18150487324989,2.27697564927926,2.30859605688491,2.27447059601207,1.65793070886011,1.56308446845956,1.77943697551752,1.82862743816939,1.99914186212322,2.25359790362445,2.18165708090547,2.55901258442429,2.23041924796573,0.756787419490311,2.36568344178527,2.02728833733073,2.18320508264554,2.68497918751745,2.62293579387018,2.56050076503397,2.14672260064846,2.19788051660395,2.3961116810449,2.20253770103673,2.15056518332997,2.1415685422232,2.24887467526322,2.18677076885102,1.90810129628357,1.8470252908821,2.08114748336388,2.1843997584095,1.99377565199452,2.02957828221901,1.89943154384722,1.88080543981075,2.14738286120625,2.12674116737064,1.90361463621792,1.75595404278582,1.5244425529444
L23,0.139525951691734,0.176113344317938,0.192612130749153,0.153503740156903,0.199662017830789,0.0332974588481735,-0.108191124372167,-0.0818667831308536,-0.13130759507613,-0.0124353056853886,-0.258962108778281,-0.249757208581372,-0.0462248445691484,-0.00942502968590487,-0.112540344502451,-0.0834346668272612,-0.137657023825144,-0.136658041540407,-0.208898146620058,-0.102748360511504,-0.152904583318177,-0.102624711555436,-0.191735754224162,-0.336530750651064,-0.209448622230395,-0.180134140657392,-0.274006954600779,-0.167740924923093,-0.165812564725599,-0.225508858781218,-0.270300780900164,-0.284899525765293,-0.202912685789197,-0.21631793019049,-0.287172151192789,-0.558975819195648,-0.444052308075153,-0.422513770430574,-0.540907125190089,-0.594179695506323,-0.667226541466875,-0.421244873035378,-0.568389810199716,-0.407990919597235,-0.436848687597352,-0.485838986509913,-0.489312077951275,-0.508831919169758,-0.597146289186163,-0.595960066262039,-0.630898396845475,-0.585618531907591
L24,0.871894772761292,0.576942739707264,0.815262488262826,0.681929807374034,0.81088636671445,0.793513062637383,0.769342575345837,0.875052866550212,0.675596247259285,1.21852250600556,0.748982347300453,0.927759113302612,0.923907134131484,0.926498427009875,0.792102420063461,1.26822727864385,1.0826471098004,0.94193008871049,0.753063050074845,0.714028667242379,1.02049415340928,0.885385971916501,0.798895308069021,0.771581560354017,0.901318496729996,0.759883927581912,0.845622828980844,0.808640520243615,0.994133829044275,0.906103984806357,1.09711542642059,0.587560866081584,0.793660022954057,0.616212796041816,0.766702563246567,0.899292166892331,0.688850439042722,0.665674676256949,0.524062740559844,0.698441205990173,0.592181856308932,0.744045980719478,0.779171125040211,0.73078150531196,0.928574788652351,0.87070291524485,1.14952311553383,1.18789563824429,1.01275973840529,0.806492515916693,0.677814309451807,0.335028679912702
L25,0.352539566786123,0.17920466323801,0.328097408857851,0.245837936642047,0.460681638799586,0.164640196863181,0.430687995601613,0.280310474034153,-0.224888917504474,0.461055681404229,0.188985305168906,0.420055429209928,0.38166584871138,0.275797623285036,0.165676468250976,0.525415011004396,0.282760171550728,0.31914385920046,0.180934762755551,0.270776250844892,0.169944588044058,0.219257951120952,0.0563246049681915,0.0867333098908689,0.528716921271696,0.237267813304198,0.342248662075848,0.260696570576332,0.161712714809136,0.45592710717053,0.372925530019572,0.200445874080049,0.286678463798029,0.174752810627252,0.314323798473426,0.297474969297408,0.192883413500046,0.235256407777052,0.209474806127769,0.433140766338557,0.640504230355115,0.311672416736021,0.132429450147232,0.280176935017034,0.205809534511187,0.48432388482113,0.464755694177833,0.353647700866923,0.382501085447978,0.509122345289282,0.676512383101994,0.385067860007542
L26,-0.227304564597385,-0.358360441621607,-0.529298438583473,-0.458626970391574,-0.553475871650061,-0.480853819472377,-0.462573225476155,-0.631006839092632,-0.766329094841342,-0.280960683418232,-0.626331306831391,-0.488368211652555,-0.539078601369958,-0.534000853128111,-0.552766593432406,-0.378021420200205,-0.435166353101211,-0.539595515123297,-0.665347356564374,-0.565853925594869,-0.571843962629637,-0.545760423919209,-0.632319424125026,-0.781195150388206,-0.770370636063462,-0.597409965337206,-0.632643435468625,-0.600787171876363,-0.511169683158635,-0.53311851354044,-0.554135551494088,-0.697450519649068,-0.657150975487356,-0.650886092152343,-0.645074401083466,-0.526554032657075,-0.537404073414769,-0.622449815827617,-0.587176789221039,-0.629443828099895,-0.72746351125291,-0.630123905446568,-0.631382212078229,-0.648390399417812,-0.501895987704151,-0.453973894111634,-0.39441640776996,-0.419723749333382,-0.516882963919098,-0.390547624455604,-0.490396308404962,-1.05812132920321
L27,1.20125600123958,1.42339093471584,1.41022443377941,1.18446366730436,1.19180524147504,1.30217732722317,1.26086111888125,1.26959850699659,1.22627256205191,1.00351582844565,1.15111726459865,0.997487372487992,0.991076695419133,1.07625048028642,1.02897354592597,1.04983276078352,1.11042726660722,0.832902117422138,1.54680932665275,1.15886685464371,1.03090426642285,1.0029764116911,1.05481854590916,1.31538000455449,1.03959618997501,1.15129408786838,1.11483732552663,1.37695578234025,1.20378392349244,0.914835617274637,1.03891781950671,1.5012329083406,1.27113649999442,0.944227591525969,1.10266181531863,0.991710369947486,1.1507842229619,1.07509156339001,1.06947253438806,1.01402927505043,1.47574074663084,0.975090801641827,1.06235578486044,0.799296884935435,1.29840990456746,1.17448173105504,0.880124651034861,0.957137822888418,0.742757934873608,1.19485043104553,1.1968823445614,1.86326838618088
L28,2.67146541981649,2.74031353455578,2.04565105677425,2.80307191483868,2.93701923362959,2.87074951062362,3.21193048052213,2.91702743166067,2.94259370921397,2.39227994430588,3.13205643212045,3.15031558466972,3.34397182183216,3.12885559948981,3.27384304792158,3.00838310525686,3.53044156036108,3.23408041675472,2.90175998671936,3.23192915763366,3.05485000253603,3.51740693573911,3.129760309997,2.74754208786179,2.83687508874298,3.13419706225348,3.18327247863358,2.69237707948178,3.0432960265863,2.66699220062712,2.92020701063116,2.89067702244708,3.00105141755589,3.35234981375038,3.28844679011044,3.02612806007105,3.36622558850601,3.35182628107231,3.64941530681136,2.98997066546075,2.56184841735795,3.51563882690775,3.77687324946,3.68690802326071,3.20178788658666,3.05582685190297,3.12403821172112,3.05360933936398,3.25238629818683,3.33913987022769,3.25564812898016,3.14417212462849
L29,1.02170018044055,1.37794177156025,1.15777223543133,1.26093056939312,1.08018233077042,1.18655454478429,1.19249257149431,1.44005926479509,2.20322645017166,0.801247793735432,1.32930460830278,1.314102999215,1.69113190318252,1.28720913371648,1.43100314584867,0.854600186149474,1.44115984668904,1.09971370198374,1.41118281845837,1.30991460979547,1.4622971995461,1.4921789296614,1.39943052027896,1.47788128361445,1.15409337407136,2.20885749312115,1.48784624296861,1.57023104323051,1.70778643992228,1.4729291115372,1.41262033613591,0.934547712534487,1.39531005652875,1.61254205808729,1.63524584962918,1.31870979973026,1.30880852019994,1.44566587383118,1.49537751205726,1.27936810116925,1.06385707418194,1.38436650682194,1.45502538957625,1.44541472002302,1.09384431409434,0.947398231658535,0.876620346033009,0.6179205328733,0.62858777227069,0.641633207988655,0.849054343973159,1.30204266438215
L30,0.409950610561101,0.0789283734620738,0.103442807265129,-0.0824578709579767,-0.0264327613585748,-0.00727086449382834,-0.0454239513360062,-0.147361843311256,-0.217120359129144,-0.0642741933600311,-0.00596185928443785,0.161713927552761,0.156757721461976,0.169762615647814,0.185496567176315,0.349246587161423,0.350690600082725,0.16062951519361,0.0593163551480458,-0.156591363366274,0.158640724634355,0.147609689784193,-0.0381913099826352,-0.229815304722431,-0.126250339851094,0.0235398000585794,-0.120679207969004,-0.18584936223103,-0.12436856912507,0.0176614673407938,0.0929917765502663,-0.153288279386961,0.086017411868073,0.0530779864261073,0.126507702409368,0.133739060693435,-0.0890625046136744,0.0847792041008045,0.0832186276906782,0.0284789361889917,-0.244476616692446,0.0964863753477484,0.116986232493657,0.231275066200284,0.142809662949545,0.166663729200927,0.142105645626559,0.0857346162946782,0.0991319916985631,0.31724064208628,0.237007683109158,-0.109720627183053
L31,0.0893417423159837,0.231211702602803,0.138133333072188,-0.0979460802085204,0.134848780852982,-0.176867298393836,-0.285918343885913,-0.286330257553696,-0.334537927133201,-0.203494663967594,-0.419286980523803,-0.25565217306735,-0.193566160261335,-0.212278976363355,-0.295993576283293,-0.267872610406115,-0.35272406157118,-0.405351687341967,-0.447149817210303,-0.179709939427652,-0.331254238154264,-0.261082770012257,-0.372291566884209,-0.51642497726928,-0.518759103474724,-0.462490351134645,-0.632005907736864,-0.491837161204442,-0.38401158094427,-0.32956889466891,-0.362609168752368,-0.621009525932539,-0.420911451484441,-0.299400834153246,-0.169202825343888,-0.595645353192148,-0.507974080509435,-0.534279302752691,-0.464277814222814,-0.662370023949762,-0.746159746761272,-0.625877850780813,-0.67609266266852,-0.579878065391568,-0.576472056352937,-0.634588823340797,-0.677045745100715,-0.694040842746581,-0.642544271357639,-0.671737036259156,-0.713581779162758,-0.911416717685448
L32,0.439644763488959,0.710677540812322,0.409262353745803,0.794400219188941,0.676545463126693,0.925388772230383,0.816016380407461,0.779602530779533,0.840250101822411,0.805519874305696,1.12150036698782,0.816470288835564,0.452861471248332,0.529910768365971,0.844446845360049,0.610001562115287,0.735397816557799,0.665596583534688,1.10593674605192,0.946606918819677,0.908797592382056,0.97864241835314,1.2863134837159,1.14426642045911,0.767191440780269,1.00472972891542,1.17861692929525,1.10058873718156,1.0274017204559,0.856662054248779,0.936237001533591,1.26310880221159,1.16344958027817,1.2282025450522,0.984831594217167,1.09318929685493,0.988713030880538,1.1175636059332,1.01677071803427,0.931263110926428,0.986872984007235,0.903199778020089,0.931023648237483,0.823766160607134,1.04968788830036,0.91996677022608,0.769100372630564,0.706786988526394,1.1281958187059,0.93637690498896,0.942225669984697,0.803783364719491
L33,0.461936209821037,0.863464926079517,1.10257320306115,1.10224192630181,0.827168522635578,0.70161092424436,0.830329015681419,1.00644102230872,1.03740555264551,1.0863195101577,1.24759876778702,1.17828663917526,1.32368689428504,1.54394467777259,1.5558988024888,1.10400077769356,1.29933456210037,1.46958630541553,1.65777555756136,1.57091922654057,1.67814252581556,1.82371498148698,1.88263445913295,1.53771228619321,1.40556349510897,1.62724349740521,1.46035742484386,1.65967712839757,1.48809001423903,1.39176746112326,1.77401701831024,1.94666914704556,1.62310693163973,1.6067601761761,1.55116131677384,1.56235905376449,1.63116773384014,1.64980637281078,1.46420218224581,1.56159176055106,1.60277945659866,1.63229135472821,1.57063530407085,1.4598760278343,1.59569571094042,1.27339870389633,1.54602809820906,1.72083688597509,1.88476051152807,1.88422951082376,1.84775599632784,1.74905713480252
L34,0.391565347175184,0.405000760747918,0.444841654476965,0.516706602037853,0.366791679237906,0.406394994136589,0.561075881383659,0.498224650096472,0.590329332691626,0.933905938409328,0.853026563944536,0.65950225386949,0.695450393370788,0.849418091313147,0.620495331363089,0.597557360497991,0.667745902119491,0.763789828303342,0.732514491295829,0.642845894586479,0.648751953438292,0.644694224120764,0.56141633885133,0.761829052311216,0.655387712543706,0.527973531231426,0.704041022941981,0.618135072865328,0.55464510889642,0.514533538748758,0.760644617204548,0.927159328542751,0.817869044415025,0.804677031839793,0.688689339136724,0.77298909090235,0.635065204121458,0.443168449829821,0.369214626554181,0.762729036955895,0.832757950059384,0.509993510659748,0.472064322029752,0.553761512984586,0.668970470382837,0.89682120907195,0.922643988258203,1.0664708365876,1.03594572595438,0.970336289046381,0.767251777087897,0.35580486685009
L35,0.101093385385,-0.302747273193558,-0.227712641022409,-0.399337663321446,-0.486935251938907,-0.361244187529335,-0.582073881468521,-0.476021625186759,-0.260422096098344,-0.472587316133342,-0.552781127729861,-0.417669147846256,-0.36771018225957,-0.450271214877099,-0.414061201489363,0.0162815183985867,-0.171606339606786,-0.258594279862396,-0.664125155498436,-0.52734689594325,-0.454376974280411,-0.48032560373488,-0.581120451848601,-0.636139315324451,-0.446823478074268,-0.540688309554266,-0.447707443904934,-0.504825297489582,-0.593836272481432,-0.478083046993371,-0.511093857234331,-0.816573186656963,-0.549525225271667,-0.550506647810826,-0.546091025427984,-0.567723896775573,-0.495856521426553,-0.536249440229359,-0.522270195745178,-0.515480270816608,-0.691895106203705,-0.27272233188538,-0.516555212244834,-0.367801827658531,-0.426642496568851,-0.296435952059733,-0.387874889372708,-0.376233638087383,-0.582074211595072,-0.532329241051022,-0.567763309544769,-0.503334813192255
L36,-0.398836452816034,-0.562319893669827,-0.485092717567114,-0.602535284098726,-0.669675368432681,-0.526855880476858,-0.710744686531247,-0.748524040201761,-0.660320928988029,-0.400066648795371,-0.564651345405737,-0.755896797568575,-0.774310052419761,-0.809901099495944,-0.762116987864839,-0.800462167715453,-0.76662534006181,-0.694828308062654,-0.85527666803398,-0.76013211562721,-0.824135014158928,-0.977259258682976,-0.974892360970551,-0.929850071460432,-0.895783408149462,-0.710145321402095,-0.64070246935685,-0.599931774015688,-0.70496886669381,-0.634942418398026,-0.87402221366097,-1.02832126027324,-0.88683371159672,-0.854261865754296,-1.01319789338035,-0.870371857039159,-0.91977674213569,-0.944570450534378,-0.887092814933963,-0.914599681486438,-0.892300489956016,-0.832257322860338,-0.942075763084905,-1.01120285465633,-0.933094994367622,-0.910312918837585,-0.921347378649789,-0.829491433337544,-0.896060568498352,-0.894273832785448,-0.87390639545344,-1.12200027512196
L37,-0.507401130534053,-0.576588783938058,-0.464705395093927,-0.549786393185411,-0.444879543732985,-0.466613715745736,-0.498495479971309,-0.347806318138452,-0.0951885090071172,-0.472320251754857,-0.510810783738649,-0.476780454915783,-0.49853379379478,-0.467504261371652,-0.534279153628497,-0.115053956707442,-0.484785420206064,-0.568745970657784,-0.497633390009595,-0.604184430308094,-0.450267656811988,-0.405872834200925,-0.691134777110121,-0.734014699086049,-0.603012712796755,-0.571895768658896,-0.355599333978709,-0.476719000274237,-0.466457357746068,-0.532438663934796,-0.322354586576457,-0.478732332550957,-0.495083906366385,-0.453891387941135,-0.36693889338347,-0.395142044303838,-0.59390684035719,-0.585847141183671,-0.583300502441748,-0.471820795236613,-0.642309608419196,-0.877111548224317,-0.598293891137158,-0.276368667272685,-0.560448100365924,-0.586273405787097,-0.61977054004235,-0.641540809648153,-0.656248782146528,-0.739255214572005,-0.580373324404474,-0.291541614628619
L38,0.0191629444009092,-0.193592467215018,-0.101970820218328,-0.158612387018743,-0.0852768976841621,-0.0208215421083075,-0.180467035426844,-0.190627639710945,-0.185275603069311,0.0764663172297989,-0.228000263272138,-0.249253705242753,-0.282927889927347,-0.221199114070162,-0.208630061671644,-0.476154301888964,-0.337720610598795,-0.0887171411386643,-0.381074646010585,-0.242925462322262,-0.311813653768493,-0.436205941713326,-0.393354844020367,-0.277938456856803,-0.231542994546498,-0.163270467431383,-0.0485523330897958,-0.0231980534182448,-0.278916706320197,-0.490128369777234,-0.431767829323813,-0.396893708826499,-0.111134205469047,-0.395113591595442,-0.465185649531549,-0.434101883146258,-0.450585480468724,-0.341710507760724,-0.36024549327456,-0.392237993147454,-0.342145553573024,-0.254318103482243,-0.431764769344472,-0.53939057260418,-0.507002335769641,-0.360113116291168,-0.381316601673423,-0.191754292936668,-0.197375182197403,-0.377605604815278,-0.166160157315054,-0.417614285117454
L39,-0.00823978764349637,0.0293547376374098,-0.112724053341075,-0.203299022062488,-0.0890154538884991,-0.22368473633044,-0.0921939196181207,-0.173162425420306,-0.1632004840565,0.117103779093037,-0.0485596090844598,-0.205395858742133,-0.315652292302346,-0.366252713322892,-0.176123897169511,-0.270880232897994,-0.378361034306197,-0.177101300934648,-0.306598693220851,-0.13800353726004,-0.372494857967886,-0.537530211264089,-0.463641823965406,-0.17174890203604,-0.430696348456411,-0.334271025584241,-0.130819638760063,0.0566761476471864,-0.241823591596621,-0.0669017705700772,-0.430721839973699,-0.262903867428059,-0.227430004181027,-0.412503308108079,-0.533240614599358,-0.403871834034154,-0.400412311908361,-0.396189897055197,-0.444333169095692,-0.345425072001401,-0.264932059733099,-0.239134652423463,-0.499742042375877,-0.468869024244782,-0.565103235637602,-0.288912697316176,-0.433707734205889,-0.233865503832428,-0.331504539478697,-0.329524706247533,-0.17461586189704,-0.378802120148714
L40,0.0922995391699784,0.0243305378410393,0.205090244897952,0.392645799367131,0.356278488880005,-0.00337763468397104,0.231372627989536,0.148071969926007,0.28543095172622,0.417627681631466,0.102276730657457,0.177040925910392,0.041136509196625,-0.128450651255449,-0.204480841981798,-0.0032419993493114,-0.151338678227183,-0.0927807022894855,0.18820992836637,-0.199324824884263,-0.0331627554558339,0.0177550974472807,-0.0474193487435568,0.150556767425383,0.901057700788971,-0.0180627198926967,0.227058357684494,-0.122754948093904,0.227700984735568,-0.045173721026448,-0.00346303964454738,0.0853512167635117,-0.0223306548201582,0.138382670558418,0.280826310940307,-0.14161776047488,-0.00116501612468627,0.0252587449672712,0.161391321865427,0.127172389395488,0.241985671585027,0.0583737351096333,0.2713086940988,0.229157496285652,0.174552726935566,0.25483794451563,0.323898827457939,0.661141945022096,0.38802660687185,0.0716950889091929,-0.0687887194471011,0.214174952567174
L41,0.805006959685483,0.450639885927392,0.613098847699094,-0.00987432987536992,0.19157852475166,0.241741919064872,0.176565759547416,0.308672233002243,0.604673972169203,0.167063289678872,-0.0176300379608697,0.0783607712839969,-0.0158792444012598,0.0317838006543211,0.294705293069865,-0.00423143215906682,0.16164223545741,0.0764753562250594,0.0439311013227119,-0.0635375029845404,0.0378060526848722,-0.0295396089622556,0.0168406770083753,0.130236066811219,0.66700696949497,0.171417409563281,0.537611186156825,0.354681511440589,0.000617948029577166,-0.0471207605665918,0.0149149838390246,-0.10980010254329,0.0307152183033693,0.0683015219970783,0.184883135322804,-0.133223228511494,0.0614166483301925,0.0686357101236302,0.0937760546564528,-0.101134734907945,-0.0685813563862751,0.321407676444676,0.112564912114846,0.0934742446135006,0.296712833319877,0.105017808474473,0.319671738920552,0.283371961549689,0.0220805383327447,-0.0604732385199938,-0.0527948452361994,0.332954311830985
L42,0.471597952231818,0.489853178860081,0.719393690600826,0.731778528399968,0.510062864246568,0.437153843098312,0.464942964109198,0.647390297007635,0.965614747504114,0.284551590700095,0.244437607195962,0.328904924405895,0.144614691188405,0.0265594922222178,0.188068709914599,0.259895704271401,0.248376092054949,0.365210390264702,0.510074182808437,0.195415380531944,0.257090646803043,-0.0310434699244936,0.237012009841935,0.308057365548454,0.240046596102745,0.0791388424828327,0.060792625564123,0.189951434870944,0.402679289659835,0.26817144205167,-0.0854769375226747,-0.0724735755986439,0.0758820095893852,0.10897002232169,0.135707315793767,-0.100829019816418,0.155113251460394,0.185640491794294,0.320447159993157,0.205446956792599,0.565754834791703,0.481286460637824,0.209121242231357,0.00690307564696606,0.0113901202501305,0.411947927227872,0.500620546467692,0.353310615344034,0.307898636113544,0.0809336083309341,0.181585507521556,0.539080895244812
L43,0.796998510477247,0.369326998789238,0.392524110467342,0.112412560086696,0.414578208650625,0.0864219262653438,0.369903703603641,0.083358868376911,0.280282470880595,0.54244186756893,0.0802600748541525,0.125837840897261,0.420037546972867,0.476058349098743,0.455889131604583,0.563630683759653,0.292757480416799,0.222727334794827,0.0232629532386619,0.204367830287242,0.351403025728872,0.234373162792875,0.223456676912173,0.106850511852014,0.224852090843562,0.165167546774102,0.146368526584724,-0.108288565094421,0.0593750007981331,0.372918880686825,0.049265913155844,-0.0164435555555462,0.244120379589002,0.121998847688391,0.388549855182073,0.452253103541132,0.188275551371985,0.0209762096294444,0.305027946135927,0.443575695803784,0.320179908527563,0.118740756035214,0.393316381101679,0.346245075745623,0.363041218931255,0.220071045139864,0.164082694331999,0.435160295138266,0.213181254481896,0.186977585902353,0.205965786713584,-0.101007204831035
L44,-0.769287832506636,-0.394091507126514,-0.451583255747625,-0.337897043613896,-0.438578112421741,-0.308296768167679,-0.310923674485298,-0.366244909901656,-0.0453205866841362,-0.399291437036101,-0.430406426463481,-0.387826938786369,-0.489161790689494,-0.476915174912777,-0.359234099844957,-0.718029717000404,-0.462574793086688,-0.513914162150303,-0.263236231187523,-0.566624944268837,-0.518024779746815,-0.497473859883747,-0.399251335546676,-0.712212922955176,-0.828093588676809,-0.286735221065953,-0.294169706819555,-0.14511557141935,-0.355692620691672,-0.469522262582512,-0.460417850407895,-0.478495903871215,-0.447612865290268,-0.409585151257467,-0.372215782455517,-0.357487303533902,-0.449318252686215,-0.458608124347367,-0.396373461516184,-0.391599974227916,-0.296953194731943,-0.40472070970904,-0.486537128060189,-0.477127465695925,-0.380822128513035,-0.424984739786084,-0.44464616359603,-0.396645158409496,-0.199874511195012,-0.26232026599189,-0.437494908372893,-0.357238586505624
L45,-0.0625402101356196,-0.156204207733825,0.0383786755106493,0.103526765242134,0.0400709418187811,0.0787362554156203,0.203330884695648,0.166792660231074,0.332138963649209,0.0661051860934301,0.198250986996158,0.109321994218335,0.119709621579313,0.0674980035700712,0.211596324198879,0.045008203393995,0.103821806983825,0.21740519292322,0.330915984740827,0.285146335018982,0.114470151004447,0.0431847665848991,0.237169838349505,0.173569123408278,-0.213920983159485,0.0786862203388303,0.216301480341501,0.136246108016328,0.0464767697700357,0.0766702875362642,0.147615539528285,0.325939228240394,0.265203798453083,0.159369409034886,0.024772388413566,0.21101369729307,0.228747594877691,0.0180624122457759,0.187376706295167,0.331858859896589,0.412924794311218,0.254457925330057,0.153002022235746,0.289981998421935,0.282729381091509,0.185893999551092,0.328862381151884,0.0305084497235229,0.171526237468721,0.235182280007853,0.384893958083305,0.112823115218236
L46,-0.148522803261263,-0.707992191033,-0.568642140330389,-0.722764524014387,-0.642850145136276,-0.643822583467343,-0.6925946590857,-0.772285378413269,-0.740039970301997,-0.52641356329417,-0.77270886897869,-0.648464512407997,-0.633306537294162,-0.587934193024383,-0.656113576069105,-0.361510660286888,-0.598126911841572,-0.470767062660486,-0.660009439804808,-0.687086800402218,-0.63639854577268,-0.638845125272162,-0.685555482890178,-0.821739299648415,-0.598573533809269,-0.693864666662143,-0.735306207680436,-0.668951309690158,-0.689052979142638,-0.613711539375169,-0.635935928455462,-0.651183852561378,-0.615141563162155,-0.743744099212477,-0.666307535993278,-0.657147683561093,-0.609828068305785,-0.630226722222433,-0.528220425056209,-0.567021351401863,-0.563767381653823,-0.586267983263732,-0.584461365194939,-0.558012436952545,-0.502298989294903,-0.328552143868243,-0.367333825280033,-0.362745493785088,-0.330939041396951,-0.264485226389917,-0.228163158922199,-0.582603838756167
L47,-0.321017142620055,-0.169102959457744,-0.0309121521211697,0.029744147864111,0.150162921411149,-0.0987448263270293,0.10838093492456,0.391836301596908,0.0885830607654243,0.0439554155170728,0.145191083279978,0.117260220901785,-0.0841191665882433,-0.0612955419440522,-0.122914864582663,-0.438248719416352,-0.260575694056252,-0.169714510606556,0.509077700437606,-0.338489236974442,-0.0505641756758786,-0.0357030404864874,0.275295794221904,0.49794335967588,1.31235789214156,-0.22984244361565,0.258062914284995,0.243449549930337,0.0338769008560553,-0.19610140295081,-0.0647474898822217,0.0719957159004352,-0.00631503639655846,-0.339004995977586,0.0777535580047278,-0.0901545831260572,0.0487361948419833,0.121364513750966,0.0302769086271173,0.278429946970911,0.442847838901803,0.0378920429213738,0.128979070618591,0.0876334659241362,-0.00309170676503092,0.200877760909724,0.479542705002343,0.541171453612074,0.325464414032956,0.236760415996258,0.0489854270601459,0.149620399730963
L48,0.235800259545113,0.122694379372442,0.497703198720975,0.33180352041621,0.145463307505433,0.145737312250929,0.447681018851933,0.312841617608148,0.122119118986987,0.745298842245023,0.531027778556157,0.248766117730564,0.22528334013909,-0.0169043522501098,0.251282310423807,-0.583732345056698,0.101397441975804,0.263641218604058,0.498508363397139,0.329133816522425,0.200617846357155,-0.0138723068711005,0.515866795388648,1.48756145232894,2.04627706491684,-0.392225548033368,-0.137426699543151,0.203511017505384,-0.195001219845157,0.0887794443947894,0.175881185370501,0.31854104409613,0.392833630371424,0.300837485399415,0.266982801606618,0.0160582091586011,0.343399648915889,0.211034852268096,0.212417507959882,0.201814684841435,0.605159157673216,0.174245996920017,0.0847349909510324,0.202577351013228,0.0734749757032183,0.195364530755468,0.434618756339317,0.298345672597123,0.299371168838796,0.0151098915905032,-0.0375743463331923,0.137012230922385
L49,1.49464155544726,1.20138923837616,0.850137767138205,1.26073526160389,1.11592596653562,1.15415664832174,1.15792855586719,1.05432931233704,1.06306388259468,1.07802040259523,1.23923656397112,1.21537870679969,1.3021163803065,1.41090208599098,1.11693096644773,1.32244819661843,1.23695061900107,1.22994508430647,1.04427785452564,1.34742581842236,1.24994877697245,1.49888294145234,1.36555848937003,1.24864187718848,0.875672174064972,1.48479509459663,1.39800608469761,1.17484880428801,1.28383474883205,1.25992509805151,1.32799393967012,1.22063508815687,1.38110224840963,1.38542344412563,1.54258944867104,1.46652727458959,1.34623781548538,1.35256825627851,1.45384749766119,1.04176450206018,0.727730730674132,1.33954361045942,1.56999561918376,1.59209514953616,1.55285551918862,1.30068125878197,1.08552038591535,0.906767421124431,0.787103255971306,0.671980625825892,0.753357958805203,1.51784381054029
L50,-0.207622243761887,-0.422424654087709,-0.308847633380197,-0.40610567247878,-0.455692977651798,-0.442933837032228,-0.526878248652826,-0.393157964762251,-0.432281559698095,-0.384845446608373,-0.397162788934236,-0.575643055813482,-0.648125577059497,-0.629854774762851,-0.639942797781246,-0.864813428510433,-0.569988509187267,-0.535271793101363,-0.618810067680704,-0.523886711806567,-0.448695106148127,-0.604375450384273,-0.50175776794484,-0.202235540584378,0.150709301527494,-0.666120930988076,-0.526601487021294,-0.447329096611319,-0.662243215499866,-0.568488005102341,-0.594117092544644,-0.724292745417573,-0.581927848372277,-0.507658759903804,-0.631782136811609,-0.788191636244429,-0.663814950117971,-0.561747869232346,-0.635911467256809,-0.709137446001731,-0.46124088418088,-0.614044977929256,-0.727973442494376,-0.512354738306085,-0.618775367308097,-0.462770337244101,-0.422819665957724,-0.469533012750383,-0.446023046768404,-0.562393233686822,-0.521857977093052,-0.497912136514779
L51,0.0904769926169873,0.42623679437589,0.172671714681686,0.37578804080987,0.436794595061228,0.507661069941289,0.495762552958409,0.554568369893171,0.446778201314101,0.231356665085565,0.522086751088701,0.603065439841648,0.368651930313114,0.42621344617658,0.466638272210413,0.295080539971876,0.556185382634768,0.45056464967435,0.847705381633991,0.697750318949838,0.701189981409781,0.782889197715505,0.844323630612258,0.78448118351534,0.351680531638126,0.583136643247475,0.655850157689059,0.777956088921151,0.562575009088934,0.527785760016497,0.867074205873969,1.08728117865598,0.835726897537362,0.852966639452738,0.839492854961104,0.809633501016002,0.820691065607213,0.941931265823399,0.811243839682993,0.784552476541938,1.06088305216353,0.531499050214983,0.796950221727632,0.651528771131254,0.669050944795778,0.596312564891291,0.478104857133796,0.706053138515739,0.774408308634557,0.775767946610583,0.680903794807556,0.858488634415215
L52,-0.526332448723785,-0.685989396013015,-0.621971292117174,-0.642001294040898,-0.556141883858045,-0.722064258988756,-0.615455310285934,-0.579482459521251,-0.556623539150384,-0.386323450277673,-0.577438824233091,-0.575221025996183,-0.524163399998211,-0.41892834693587,-0.58575148945635,-0.248574273918368,-0.378328758673439,-0.478101591693858,-0.470035547465352,-0.507656413738569,-0.614931363941268,-0.493693200032293,-0.582888449460238,-0.626629119500421,-0.637707186137934,-0.514078733401992,-0.515408530415589,-0.632979846842064,-0.508163371762863,-0.585267543599402,-0.522098454623453,-0.503985071580921,-0.745878130461301,-0.721649170351274,-0.524689220468414,-0.509596054438878,-0.612682601081676,-0.609881446200207,-0.353558410167874,-0.51156512263612,-0.575424795908436,-0.619833303438306,-0.434352537497428,-0.448613636901672,-0.549019474676174,-0.587594857855752,-0.633229794797053,-0.450743462368427,-0.611028985659565,-0.649103374133447,-0.464947023661255,-0.316133742066646
L53,-0.0589659150442448,-0.064521145459838,0.258965320476106,0.141330264193753,-0.0910197515527513,-0.00221125418327446,0.00469277111861601,-0.00489766509596903,-0.0730227449383623,0.338519311201691,0.151917801524214,-0.174962021922608,-0.325670186822006,-0.119989452821372,-0.0765775414460886,-0.517179147796866,-0.137132544792833,-0.15268032891493,0.0462780618278061,0.0328794187395863,-0.069425375050732,-0.0874272845083587,0.126738248195005,0.95166920063977,1.7128091417872,-0.502777424253158,-0.320812868473521,-0.251371780214646,-0.363622471771081,-0.276135028397217,-0.0700511163857548,0.0791041095344419,-0.0954460821961826,0.0126191871263658,-0.13936470919267,-0.38361912150484,-0.105915407771585,-0.0160618041943495,-0.0152396439644064,-0.198233167963029,0.0740981920946438,-0.0571162738842713,-0.118177792173097,0.087749469338662,-0.02678995248212,0.0498414656560527,0.0750559604467383,0.00994467205605362,-0.13435193806305,-0.0460368762854225,0.0279236617115802,0.235814476394807
L54,-0.035321151070679,-0.0204690058903592,0.0755654286939482,-0.0751228306033209,-0.125162715880214,-0.0183877111967005,-0.126428939777513,-0.0419722741796381,-0.160801358798532,0.0699856470498648,-0.0139440714799636,-0.116797863433022,-0.0510441497018333,-0.0383441691706973,-0.0348984819365258,0.194241191984525,0.158213701663278,0.206672425025478,0.00925750384715492,-0.0565612465067407,-0.115460692035109,0.0490317539651709,0.0305314015368555,0.02268738302794,0.0628291177878741,0.0313227297547489,0.0173538962947416,-0.0267608925358339,-0.0476438306092178,-0.0583730703014569,0.0168761433860302,-0.0479010651556586,-0.0543234952276109,-0.126957275087238,-0.0747105669379367,0.0344869862208093,-0.00206509823582977,-0.0559032930461943,-0.157719584697146,0.0740152222524911,0.450848242764213,-0.0253516563160123,-0.200827969250237,-0.1200321378992,-0.0673544075759043,-0.00873305711193016,0.182712004757103,-0.0105926135726364,0.0201154999427912,0.192369891097948,0.450143929161436,0.188835362577527
L55,-0.259054342016139,-0.457657040474509,-0.519366839086327,-0.416403767926339,-0.430753689917934,-0.218570444246488,-0.401342836638236,-0.397774524044958,-0.614847431477605,-0.215567199574628,-0.294367447604852,-0.32250482507354,-0.339530470347939,-0.255490138390666,-0.339633606055324,0.0407944084914468,-0.274804051178411,-0.311178034409369,-0.302048956451213,-0.360848778519511,-0.267600708579757,-0.380991569965722,-0.41245306895411,-0.424042803330193,-0.225799129855128,-0.447331744995401,-0.331420863406254,-0.382419916814832,-0.397267502717571,-0.373665473445607,-0.266916085921955,-0.211976345799507,-0.304162707184968,-0.425572847870005,-0.457642210470086,-0.320917739220082,-0.374308353950162,-0.404313617591616,-0.470326340800179,-0.33920706155785,-0.256913050280312,-0.394839854640938,-0.378091473183826,-0.204931138626127,-0.21053444111257,-0.205306107480164,-0.246494234834729,-0.163274242279685,-0.219604096133382,-0.198569705000586,0.027884923955498,-0.135115427677323
L56,0.157941472659854,-0.00152588225553236,-0.186727595581274,-0.0599009743459818,-0.0537986358872095,0.0226598859406762,0.00785108192555427,-0.153035367500045,-0.191647673421194,-0.066748293644627,-0.2527756623333,0.0104658930635243,0.0017122524447228,0.0517377384602025,-0.00468563711161592,0.217683398297472,0.0519305900373026,-0.326251217393956,-0.268707074804219,-0.140882858930523,-0.077876856178088,-0.177472511791948,-0.187234253117722,-0.353105288009006,-0.418358031770621,-0.302101469888478,-0.352932592108725,-0.348777050514886,-0.251579025909583,-0.169371970367883,-0.19722374836433,-0.263996878439524,-0.104280043769736,0.0301770876551213,-0.274755906828792,-0.205112181043107,-0.266235197621373,-0.164086900741261,-0.107514272994309,-0.301685022846681,-0.35387902225848,-0.263438287795158,-0.0329247388737829,-0.244508945360633,-0.17196495406007,-0.115263612070822,-0.297075507172926,-0.249827758119154,-0.426032078418435,-0.470057866226079,-0.375191581036378,-0.215785424251389
L57,-0.497803330904412,-0.20333230334235,-0.128211801384676,0.0094991916853071,-0.1408513423411,-0.253136775250016,-0.164145403529085,0.01748031918334,-0.779710046750358,-0.207205512285462,0.0650950725899113,-0.291464169234836,-0.398958915075938,-0.33863926190464,-0.252778879579866,-1.35972124801126,-0.372406795487631,-0.331763420174549,-0.195740223207163,-0.286765044552997,-0.15384833741727,-0.484969411624947,0.36140007610435,0.738838229135164,1.15589833049482,-0.620398187832142,-0.704042817996706,-0.178651555458091,-0.416738000371017,-0.309287438888465,-0.329537673309084,-0.269074141461309,-0.111651829197286,-0.172467869849023,-0.167094154068883,-0.260754687089822,-0.316428863737112,-0.125903525928813,-0.327479373512879,-0.323941301069994,-0.173775373257194,-0.385640177861681,-0.272280230150102,-0.222016059251934,-0.250035784095367,-0.537969693378318,-0.244875065560715,-0.161776312583116,-0.415163717529485,-0.0742992297516232,-0.266521157310414,-0.264933929523741
L58,-0.346786910774958,0.0679491369079615,-0.0491418848450783,0.202787913463307,0.180804954140961,0.442837303563984,0.292119002898193,0.449447655580184,0.682029037923753,0.244019176460844,0.409574841843471,0.537428844382797,0.43743958043075,0.5383705403146,0.552373357825079,0.626097133088456,0.464577563587951,0.467654584020678,0.913074845413622,0.533363344370401,0.483701901909272,0.603973742609943,0.564764007800769,0.668491475909549,0.168880156348598,0.267770642704821,0.229320559927041,0.196581629853454,0.422588612908282,0.485590367193328,0.469515363108636,1.03872411792094,0.458207805888476,0.664068481596687,0.718759395084675,0.842558875336585,0.611748972091999,0.804191285088252,0.59471545477703,0.754850472462889,0.770902816172675,0.48312239212129,0.58936746183655,0.596866459712096,0.799460675256141,0.56662911909301,0.448804467905239,0.507602918935945,0.452535353417538,0.402650658735978,0.600364066414029,0.655305886513566
L59,-0.47249770933275,-0.251687432258429,-0.175500801048899,0.0201829357557276,0.208391918598173,-0.0628867965683465,-0.0569078042418881,-0.130370508254101,0.173051190516951,-0.233868014850061,-0.0919367886347853,0.0676590201969744,0.0884239255283609,0.012935648431534,-0.0145060922833349,0.00736543791230009,-0.0529710287738401,0.0438730912714872,0.314711185244948,0.133473756557292,0.014339051706644,0.258440721615074,-0.076897750274874,-0.177233934843294,-0.312537925403479,0.344368265267171,0.469348464161786,-0.261801003725745,-0.227661483919194,-0.207488867134855,0.0747141229342526,0.241985976604174,-0.050602284409345,0.0344102173206989,0.279898773493147,0.156083015117827,0.165247219479289,0.083823218691222,0.21647843512201,0.222468558812148,-0.199572481295285,0.125703074125669,0.159088660881865,0.336967848180795,0.157585793391435,-0.123260524322566,-0.0608675905587483,0.0832686387500581,-0.217031094849018,-0.0544696421097633,-0.0662283411776146,0.109004679730299
L60,0.00753765037632555,0.116209169590489,-0.144694303182348,-0.0939657748728387,-0.294697845532834,-0.259720446710139,-0.212187421632842,-0.312915114136366,-0.314934211925149,-0.440354872625204,-0.198744593105778,-0.229227846247385,-0.358091519271664,-0.248628354344896,-0.222664134428275,-0.210272566586053,-0.276228965660194,-0.325021604050516,-0.300764554263114,-0.112330518114926,-0.184289933838084,-0.0360395565220373,-0.22624726270687,-0.455131815335767,-0.425163083194407,-0.045006507266232,-0.06481331483858,0.0746354740076116,0.12568889061207,0.0311714980598133,-0.131618005676458,-0.305275022886572,-0.192974760372171,-0.17863391177968,-0.181052302862334,-0.10207978018879,-0.232772967668723,-0.137462782980341,-0.268173401697528,-0.243637680397244,-0.395403762256705,-0.257151688167569,-0.175967806286433,-0.172484767007477,-0.123429912310335,-0.191958180210403,-0.100788058618229,-0.0979095519311665,-0.218103639446843,-0.281992524499301,-0.39583940226094,-0.18213182373336
L61,-0.577045102044959,-0.647056091587028,-0.535346651325772,-0.419966494210403,-0.386714966306713,-0.597869862572021,-0.685877090900879,-0.592812882100549,-0.478286973480036,-0.608115841816343,-0.630292049080876,-0.625080780426814,-0.702536745288151,-0.725535637776664,-0.700528874641419,-0.840630959029547,-0.81348559275225,-0.680235023418007,-0.621846420557448,-0.496422430271795,-0.629906420269347,-0.657607864588045,-0.583173146621746,-0.286290569266759,0.310179171276391,-0.801245050329594,-0.768482728122561,-0.841431320971525,-0.831361442937354,-0.918379011449146,-0.896318421150377,-0.876591280769867,-0.793624103286155,-0.692122550993862,-0.740342970415191,-0.884748385508576,-0.810656750542879,-0.767586251730115,-0.63505773603051,-0.831175680818392,-0.7043243913279,-0.781494980805407,-0.736702937668112,-0.85589607554656,-0.817822479997306,-0.792594276363597,-0.835240739225099,-0.784981070551574,-0.89345189677135,-0.890097830927569,-0.908204137435296,-0.721162922673468
L62,-1.02222431802492,-0.654223106028918,-0.667712286399831,-0.644531957911066,-0.715031054598838,-0.691375273372479,-0.749675791499355,-0.807785721313986,-0.62448478215914,-1.04250451247626,-0.630925254725874,-0.642344324273101,-0.629006933809814,-0.633308944434635,-0.850932045100331,-0.778331162123517,-0.747696160113555,-0.869211646919845,-0.851116493833365,-0.761731972276074,-0.799456344504675,-0.828676514188004,-0.960281671836137,-0.927357444643047,-1.19936019108453,-0.867081586124604,-0.867824365788764,-0.821182229038865,-0.824409826687406,-0.915978783399882,-0.870646916610435,-0.869644736654862,-0.876099986865568,-0.718854251159328,-0.881012683214988,-0.813908793293112,-0.768729380605473,-0.708091536503451,-0.72859554299582,-0.689069304998763,-0.728759178453703,-0.565209109471947,-0.857976003052004,-0.657921765151569,-0.694577805155924,-0.790984524972085,-0.772785683094511,-0.784141457750442,-0.85703480615667,-0.75453097226087,-0.697284263550647,-0.828281139021435
L63,-0.362764687083193,-0.136414973426486,-0.0813201536343715,-0.0842438462730511,-0.104897667051008,-0.0697819011106382,-0.0505014150611404,-0.0497719587228135,-0.0365322912209373,-0.298895515188564,-0.13526040499208,-0.161611474451831,-0.163064771141496,-0.243850730378721,-0.0339551518966855,-0.058276552580041,0.0347374562001671,-0.210404129089483,0.115579370705195,-0.0213837679936372,-0.0925325467506599,0.139616540910814,-0.00406923846476673,0.184778721056369,-0.647957299698754,0.143597117807738,0.0122795194195575,-0.0324644833555856,-0.119494781017005,-0.0201514990204307,0.0606866507823699,0.433695090336988,0.0186871363482087,0.0640270942173474,0.148825366521681,0.0424967137831844,0.00682138038721399,0.038992633548149,-0.00626774712294247,-0.00652360376103286,0.267806477269809,0.0105898581222645,-0.0193582205083721,-0.0830093165216143,-0.129472890211975,-0.070438358733396,-0.306826297328018,-0.144566468098054,-0.455332133042057,-0.218865677580487,-0.269060158763945,0.164514226402671
L64,-1.14876270873343,-0.938260884096036,-1.06317545055777,-0.983837022563548,-0.987401486524993,-0.965101196249732,-0.920093159619892,-0.912541039131881,-1.02990583852249,-1.11682937491414,-0.962977817329407,-1.00051530137179,-1.00142353350664,-1.00835038331159,-0.926228212739719,-1.08477689908714,-1.05977342446151,-0.983294998356228,-0.958180899333334,-0.889353709445114,-0.98171892068636,-1.01543146046579,-0.964644957476612,-0.956240843066742,-1.10018487442322,-0.868549141106135,-0.958117030215844,-0.9332295925046,-1.03217559862819,-1.04822741192273,-1.05675307589261,-0.721866472655416,-0.9476894205647,-0.974978369405459,-1.05496287422885,-0.943873879704861,-0.963991545816918,-0.974601264348703,-0.93056568607018,-1.01302334352527,-0.900263911127377,-0.863690320998283,-0.931942141111267,-1.09394448966481,-1.07427990248149,-1.06971930132857,-1.03989654861687,-1.07918842775332,-1.04024126367293,-1.02269186452496,-0.954914807447667,-0.860215301222137
L65,-0.946616647978073,-0.73578686901423,-0.875999066830248,-0.813313454749539,-0.878426170688882,-0.869903953871554,-0.861095919837383,-0.887893601755013,-0.889652920525515,-1.06106988894111,-0.976557894946879,-0.962182538639766,-0.873776972755195,-0.88439638420013,-0.881403440759155,-0.896337960765676,-0.919546193977816,-0.846575305375607,-0.92897206811893,-0.863559088017793,-0.859235245042959,-0.856351683672021,-0.846547543265104,-0.93153938829901,-1.13974615019931,-0.817885832406913,-0.898533676359062,-1.102955905129,-1.0372696590131,-0.920241763273951,-0.927619973548395,-0.960175213658063,-1.09448132674236,-0.959649399603125,-0.931241470986295,-0.797162206256641,-0.903709520202935,-0.819608372970526,-0.861082156016007,-0.7811514900786,-0.861177188937749,-0.807252944823373,-0.8281827586049,-0.837982820153905,-0.741932642950027,-0.904732076773167,-0.860461556538275,-0.870245594680942,-0.856264311273396,-0.816200853419203,-0.730157708238172,-0.855786306699856
L66,-0.7724995093863,-0.533985364049341,-0.604485975945691,-0.569191933870479,-0.691062156018356,-0.667019392992463,-0.642811500422818,-0.606986343652182,-0.535387975437383,-0.668816450375681,-0.709616886258036,-0.750694282435408,-0.796544260221597,-0.75242761175953,-0.702517919060723,-0.936462855451737,-0.875610578603139,-0.745222052508811,-0.810665248255279,-0.749688575393262,-0.879522536867466,-0.944554265947473,-0.85799817092134,-0.743280729234517,-0.892176601697082,-0.704200678924635,-0.695464037202196,-0.539142318070122,-0.518667633590877,-0.756781280129587,-0.792187189672904,-0.655916395217985,-0.855305732913234,-0.688899911757452,-0.875602602455971,-0.793084892208637,-0.74578175418722,-0.737145296191958,-0.872861365404057,-0.826896974244131,-0.790696340145007,-0.860129409495001,-0.782191684732511,-0.9275343428906,-0.951750421689411,-0.906704099727587,-0.849361343310432,-0.966465500986503,-0.971111845923346,-0.895059368790652,-0.871836180571784,-0.730242502232714
L67,-0.538515735113912,-0.388711118933554,-0.40037908483936,-0.422961745818968,-0.534803308774381,-0.580969188343821,-0.66026546756613,-0.687731949170403,-0.523566118490598,-0.735893803610203,-0.730159360169079,-0.69420615067011,-0.684586197447815,-0.693717620500797,-0.689915244601275,-0.456150313036151,-0.751900676705426,-0.861236180567393,-0.814448218536061,-0.763032792953046,-0.741753913526303,-0.768074994158411,-0.781770185033577,-0.864192018782948,-0.685608284036768,-0.818180322317048,-0.775083491929857,-0.909402226141426,-0.719427028169409,-0.785317918866068,-0.834263528801989,-0.855479988196774,-0.818018553070795,-0.767505472648145,-0.918303842515814,-0.914452469054645,-0.908547819235594,-0.88390748409998,-0.974366169221226,-1.11545472648375,-0.954708830063288,-0.833013898746041,-0.96428013859722,-0.862192475581658,-0.880310494422659,-0.904371836239971,-0.974019809569362,-0.852956150860756,-0.981479088717121,-0.922883593230797,-0.984083163906074,-0.962762914697358
L68,-0.616214842336843,-0.574324064831596,-0.540807812796447,-0.730597856448904,-0.767396543879982,-0.765778541427544,-0.841214649868074,-0.773272361459429,-0.853039601195143,-0.654341457481511,-0.77056804709164,-0.73016318179809,-0.58454831310583,-0.541368391105401,-0.628143338378431,-0.40180396607473,-0.581639260426384,-0.575924097674489,-0.666889862818725,-0.598546650888912,-0.649949154509755,-0.586854560135046,-0.671752933218729,-0.724135065712726,-0.718937285181042,-0.617294215233628,-0.681259264453076,-0.662992599358648,-0.648089015032376,-0.631113643915587,-0.563078055592985,-0.748820371161979,-0.695249710424369,-0.738400590216184,-0.851245523789347,-0.60260875867537,-0.71837675623978,-0.692947744004129,-0.80217579435219,-0.748400558042217,-0.728923886890626,-0.844068876391405,-0.799105926924799,-0.704389457301555,-0.704242026718912,-0.834014615284519,-0.751464181008838,-0.672781248600099,-0.633280747330044,-0.650597743792742,-0.689000747367705,-0.713329304127859
L69,-0.515157827202869,-0.398198312482411,-0.322101215787005,-0.376246641592875,-0.434715464276744,-0.336452328948306,-0.414851523024499,-0.418022222875759,-0.196534194013441,-0.392259374726313,-0.328060538321985,-0.270966549831233,-0.119450728174726,-0.15828799348694,-0.184545632618406,-0.575259170291721,-0.378552294782517,-0.0352362707339765,-0.283684901082492,-0.213374176649373,-0.20953226365456,-0.332645073756785,-0.169937758173454,-0.39243384218117,-0.501744039219544,-0.0832851127619683,-0.344883523869145,-0.30723373093283,-0.435714616638527,-0.468712472200802,-0.318950907784347,-0.418183511177891,-0.411303603047719,-0.322935870574597,-0.178456469318284,-0.201753819037987,-0.315374962364257,-0.331900682757865,-0.198241693488791,-0.328585792127356,-0.384584970507326,-0.0821101222568483,-0.196090039158852,-0.187186406280244,-0.301963813854099,-0.661760312970067,-0.388859274019948,-0.472094895582678,-0.413106222417998,-0.425331897100629,-0.387394077173407,-0.375373579890006
L70,-0.357632717476781,-0.3082172269829,-0.452236074348479,-0.412529808657541,-0.388958443819652,-0.463284101798192,-0.427956750261611,-0.437115691423293,-0.413855121893483,-0.600472224522207,-0.447248331953097,-0.42006271595404,-0.504908343109097,-0.565795981796565,-0.598154447305777,-0.542154851857403,-0.626188591487499,-0.671977738852058,-0.572116970084474,-0.529530625296968,-0.612792652930036,-0.575018778027424,-0.539304779688626,-0.6930125279446,-0.908039899579256,-0.621876159460824,-0.671170633132449,-0.730976367289321,-0.491953542277043,-0.42408810928428,-0.43282478292288,-0.577706179965549,-0.611239359471015,-0.58387552404668,-0.51613605241933,-0.603879442871117,-0.597055171426805,-0.631783378553387,-0.594807498760762,-0.638371640794761,-0.785289229167382,-0.648327225253253,-0.555894381370386,-0.569260775045171,-0.605644765491194,-0.655721580601808,-0.670203816635626,-0.632198443513737,-0.710299327935,-0.817079412000548,-0.888334263438804,-0.477718386540626
L71,-0.471778618980714,-0.394947987743719,-0.40325581010643,-0.49054684436676,-0.41865120594535,-0.392961654366865,-0.380729035913314,-0.2252957267801,-0.205446780077366,-0.40905879446219,-0.442681199771813,-0.382818131106951,-0.372899262729331,-0.389615043585731,-0.385641009886391,-0.367323586837596,-0.304132754551806,-0.308151516278015,-0.140757286350278,-0.30264132719596,-0.330780255685646,-0.208391786579077,-0.390526047841748,-0.276615252247981,-0.522580533549388,-0.263876202646228,-0.365844896887348,-0.378077448778321,-0.435761175862261,-0.392354419457645,-0.367261644173796,-0.0515369217436027,-0.485972696017558,-0.455006801847604,-0.305543512664146,-0.136782815289932,-0.255150341584846,-0.184798055968196,-0.336517120642561,-0.240832699253415,-0.0491367844480896,-0.262838811902217,-0.29407728156043,-0.310108943954872,-0.292619443983225,-0.404336222767024,-0.40946060112818,-0.31982925349386,-0.527405611274357,-0.269641118375567,-0.329466159821839,-0.0151367636623377
L72,-1.11885698911752,-1.14472225813376,-1.14137747650622,-1.06592004359228,-1.18086098572398,-1.19496341065961,-1.1777492988537,-1.19929970706124,-1.24309889347065,-1.07593960885623,-1.16498331419021,-1.22734317752753,-1.1942416390009,-1.20135691190087,-1.25313642103814,-1.22067959322911,-1.22529955410321,-1.18157358679344,-1.33233708654331,-1.1904821379835,-1.26829257676188,-1.23184670898592,-1.26092808689649,-1.22309539188801,-1.24772922495984,-1.13602950093851,-1.1409418921997,-1.10841820997216,-1.20995536418642,-1.26755915351948,-1.22861235273815,-1.30890981931284,-1.1451507250486,-1.24705829861769,-1.23863613230475,-1.22632247186946,-1.20540416134918,-1.18374002785052,-1.22252502965482,-1.18404765132651,-1.26442506029214,-1.16704215228365,-1.20116456990594,-1.29517095646283,-1.28189056290193,-1.18168344869774,-1.17708610207198,-1.19129936788787,-1.2545043869105,-1.266820914191,-1.28825433121686,-1.44426488167589
L73,-0.0790061263442335,-0.425161704971319,-0.250884083233627,-0.418452548409201,-0.38972984385183,-0.455477751507691,-0.431233380660507,-0.613602415662733,-0.437057168741542,0.254619577945359,-0.412407624237771,-0.262449997187544,-0.322523664667193,-0.260715160065493,-0.268657916857505,0.430001680186049,0.138861587840858,-0.197159218580142,-0.355155948251343,-0.384544354854101,-0.294527439448302,-0.203633274065603,-0.3053528720051,-0.471567397947782,-0.306632810595893,-0.296626517796135,-0.306419022181691,-0.293044406946498,-0.461560240913032,-0.179424734234801,-0.365110082612116,-0.40680631810491,-0.257541816245447,-0.503773234859827,-0.363304356855522,-0.293272937653003,-0.227254862248221,-0.20221344466496,-0.246490076709388,-0.351904620793639,-0.426078929677962,-0.0639979945436032,-0.29911097354835,-0.197778519689533,-0.247536093546321,-0.154539290511771,-0.114990539486183,-0.265831824646931,-0.395942045056315,-0.32845723361863,-0.292225604626082,-0.330969578105028
L74,-0.306544444639044,-0.109838648725031,-0.151555905734607,-0.094049680943958,-0.120581054801998,0.0504084259632722,0.0124638709597518,0.0924538324742853,0.00627196668140604,-0.150078853497037,-0.0502466108481386,-0.0282047051418747,-0.0881641741763563,0.00581346595127927,-0.0480593141200416,-0.0496717582781246,-0.0562994534019622,-0.00606301225461114,0.225952590390784,0.076007107927263,0.0663367181203227,0.26230331334039,0.239597388663889,0.25111535697328,-0.233567657783292,0.0459928202429381,-0.065201537085268,-0.0434566104012835,0.139860182440171,0.19952688499642,0.309119177217011,0.498944211864843,0.21861792771464,0.211748259597666,0.23226633665868,0.251861800428214,0.104918417392782,0.140314275727219,0.111528308704356,0.101433855923818,0.0378376917247754,0.0180982888065058,0.213321351448205,0.031953992709816,0.0603724402558871,-0.0785329207557854,-0.0982243783706948,-0.0409176190977356,-0.0601409976485123,-0.0367000566028314,0.127130910878134,0.286987521288279
L75,-1.08707648134184,-1.09145623066888,-1.09697179716158,-1.07485719320976,-1.10329034418175,-1.11165629116801,-1.1432148250552,-1.11051899715462,-1.20478785953354,-1.11317169778475,-0.941767270522871,-1.15222784074232,-1.14377138074033,-1.18099888967175,-1.14025995683702,-1.31439903477437,-1.22376454689105,-1.16232228240864,-1.16443888230407,-1.06238870209716,-1.07898954499726,-1.09914383585207,-1.06800794582526,-0.802373892469961,-0.627841418300704,-1.15240660379095,-1.1254988054719,-1.12557931708394,-1.19411648598421,-1.1067031674633,-1.13007382801946,-1.16858609033469,-1.16696963433611,-1.20646217944015,-1.20308903018802,-1.21648635487933,-1.08764529693046,-1.06321173107735,-1.16520829668096,-1.14682222544467,-1.11515962243832,-1.17241241111771,-1.18726409063929,-1.05528117425881,-1.14853554237262,-1.07643543555406,-1.03278066831604,-1.01905897499691,-1.06915940142846,-1.06417441221326,-1.07867127031616,-1.05580173951283
L76,-0.907583539580823,-0.898187039382671,-0.969362568918801,-0.854503885235796,-0.910750893408241,-0.79821685179717,-0.911024731897571,-1.00921182380199,-0.999580277767079,-0.980553258868481,-1.03882391276099,-1.04381212936707,-1.11704245791221,-1.04276356665863,-1.02745741911723,-1.03210495523541,-1.12608514795403,-1.09233388014452,-1.20587592389626,-1.00709521858709,-1.09624233578968,-1.08132010952098,-1.08160794720056,-1.01943859539382,-1.10267210804594,-0.891961245839077,-0.982370735959942,-0.951503595386092,-0.977274513975441,-0.933372866904739,-1.16342168518921,-1.0436800103146,-1.02923478628708,-1.07366167247205,-1.12526391531421,-1.05338158158354,-1.03228350217305,-1.03370903165442,-1.12747498858102,-1.10120449708866,-1.1037924553936,-1.05331800700648,-1.10295301555964,-1.21705727564645,-1.11010093127558,-1.08835934375469,-1.08096904110803,-1.03714543899153,-1.10925897398592,-1.16474045077154,-1.10248082147294,-1.21513419459614
L77,-0.311432580682627,-0.608792378330563,-0.637249922037336,-0.754314714581089,-0.694364998898066,-0.635070969461635,-0.68180679034332,-0.693420960554667,-0.706831817601585,-0.574176395997624,-0.638073928111131,-0.700869218492982,-0.761861807352304,-0.792292757648104,-0.720543957858772,-0.610672915651844,-0.653529197939723,-0.8023577767365,-0.741059459786459,-0.760504987641545,-0.785900998574688,-0.810809412158986,-0.823970878656879,-0.954081184310605,-0.789538431730049,-0.878664081995644,-0.854631215889793,-0.699887317197828,-0.708137349562967,-0.738888355054882,-0.771111146459835,-0.849727886671901,-0.769320083737193,-0.762163714808636,-0.823015907911067,-0.763906482090429,-0.828922349889117,-0.837739915869006,-0.877699790471269,-0.854282053690943,-0.879584907229711,-0.855877960001195,-0.839151612702147,-0.815019829192641,-0.85704772334822,-0.713566429221544,-0.693213375223345,-0.832788069784917,-0.640650806993109,-0.620424895526672,-0.56225908834963,-0.618445828275404
L78,-0.90513172987296,-0.721500311432819,-0.746623280493451,-0.837194045024733,-0.702205628660613,-0.779970710746142,-0.813712806333884,-0.747530978069527,-0.670574903547945,-0.885955068169663,-0.746896936840677,-0.817367889198549,-0.765838179146992,-0.816201496677727,-0.76043746262341,-0.835248838488576,-0.824736796274837,-0.885219968854443,-0.600343431444944,-0.650027695542898,-0.629596989460087,-0.640045129547877,-0.667558566182647,-0.720614697104457,-0.856074931632429,-0.625920014836666,-0.68651565130682,-0.531422477364733,-0.574675924087352,-0.714801653162973,-0.723530566397803,-0.569498062215596,-0.616892109810807,-0.68336071099056,-0.76188114533173,-0.693343311013924,-0.640417895818881,-0.717423277726377,-0.726282517467438,-0.757680364325319,-0.668861613805822,-0.803894111879252,-0.66586219071404,-0.729007561157934,-0.670411296981264,-0.751283506150843,-0.807810526442248,-0.742703719660678,-0.634110526422371,-0.608229708870347,-0.612374417890574,-0.639818709246298
L79,-0.643522783049504,-0.462434896473626,-0.743728327234018,-0.567750275012155,-0.521399742086233,-0.485134882220038,-0.465927745799486,-0.552306339447811,-0.556147989062127,-0.756434282566492,-0.418760423631297,-0.618725316715047,-0.595680252347514,-0.555179752892233,-0.544770382902846,-0.587611709559134,-0.482670682454666,-0.628514398521428,-0.555460855561242,-0.497798166133368,-0.605556393373389,-0.574037409949363,-0.605296400836233,-0.693587862738054,-0.864548611119597,-0.516715149145527,-0.542771244755553,-0.369563514615482,-0.322981622779959,-0.413145411522017,-0.480184636990276,-0.499168786620961,-0.439873996658589,-0.418931731696854,-0.401164130833294,-0.311326667729167,-0.451534149377797,-0.368797772978252,-0.402742495927906,-0.536499766385837,-0.60883367945975,-0.513079665990557,-0.358222053067937,-0.553244994407266,-0.490368316583088,-0.454120823076879,-0.64127842094204,-0.617486161655189,-0.501725557033853,-0.496313806355943,-0.675012030850015,-0.961170364305441
L80,-0.950262568439818,-1.24168707890452,-1.3351213417635,-1.32973385814576,-1.30414010780192,-1.31692028232553,-1.30217902417948,-1.09853950671513,-1.1448010198257,-1.21578777570179,-1.10597489377949,-1.24368058359065,-1.35324803675932,-1.40106292939609,-1.35481155246261,-1.3350929885755,-1.49384581095579,-1.41901525111423,-1.51464596518957,-1.38812975061728,-1.38869419032596,-1.42260526053248,-1.50596007951045,-1.59908392969707,-1.50533299260284,-1.41312229256167,-1.361120962148,-1.39446518642295,-1.30807701279426,-1.27200735247301,-1.45648565932894,-1.54525549176257,-1.38484493561734,-1.3135707355832,-1.36226122657498,-1.37875006237606,-1.28751082765525,-1.28110991960833,-1.40797897777392,-1.39156760777382,-1.41162175234429,-1.37300674258668,-1.27439014867709,-1.40225395205931,-1.38986388014486,-1.31552606192125,-1.3533829455277,-1.43125546554554,-1.42825634531225,-1.47657724235919,-1.54762776522405,-1.56468437430365
L81,-0.643063364213481,0.0147458668120712,-0.0113659736372682,-0.169385004115867,-0.179350293947042,-0.198951987481324,0.0231133956232474,-0.117829570793629,0.271762468949792,-0.0904528035827447,-0.074331215302624,-0.0708480822416744,0.156096744472173,0.0480051447650918,-0.0105297940515413,-0.148864068201147,-0.0917489023010517,-0.0901845488283358,0.109329483525696,0.0351272718563173,-0.0674936530520307,0.134255985050168,0.141587682469366,-0.102846155191304,-0.414720655572041,-0.0795583376153858,0.199731125434213,-0.156039889873357,-0.249862866674425,-0.0407203752417634,0.127693875097837,0.175012224234415,0.148838356543494,0.0553094709228385,0.101052124934896,0.354879652801532,0.306049073586714,0.11270569639558,0.303356209513969,0.378971760153393,0.183902902750863,0.546080100474046,0.170372277416847,0.343876616299107,0.0701012931596469,-0.118056812406848,-0.338405288669559,-0.137581852342082,-0.368953042107955,0.0773856238884624,0.131283738370931,0.0234098633726101
L82,-1.09938741690688,-1.17855785137767,-1.21990256842987,-1.17987406730107,-1.15585465887442,-1.02490801534534,-1.16993076458155,-1.07675618731999,-1.08496103302509,-1.12061808104371,-1.12332425081888,-1.05003041827253,-1.02445127117433,-1.08633524046277,-1.13862123185085,-1.13142888469537,-1.21512643877142,-1.16381576619318,-1.2220409962492,-1.17966209073005,-1.21995985280371,-1.13323316540441,-1.22271715829149,-1.34473470836145,-1.24233694764971,-1.01250011389089,-1.30358215419659,-1.239987652424,-1.12745168303359,-1.1681012536261,-1.14521107012394,-1.36160700348416,-1.19164676135819,-1.11627483240517,-1.28112265435647,-1.31692223165515,-1.31063101896278,-1.34862094742034,-1.37515021826712,-1.35014388600786,-1.37605050749445,-1.2895841765091,-1.22872518478788,-1.29924833435554,-1.25677929351302,-1.21795480660887,-1.30746801096838,-1.27666271348282,-1.34018249203115,-1.37177389960525,-1.49173534087389,-1.58599245689016
L83,-0.555876613871115,-0.364269927437106,-0.197803986277167,-0.387763326375645,-0.163647915872679,-0.0715706557802812,0.0308852568517189,0.128058967239706,0.170447104516766,0.0349820869266944,-0.0406870479095712,-0.137759231933858,-0.0262447506163684,-0.0666161381438871,-0.0792896712670923,0.123017857793216,-0.0839583714441991,0.153860641029721,0.257298448224536,-0.0556589700680923,0.0087702840551426,0.337651153158622,0.00604647012939413,-0.208758291141129,-0.213805552362632,0.215984469643367,-0.024492409931174,-0.27940162894616,-0.128920862846466,-0.172644084982482,-0.0645817730909042,0.0111289775793567,-0.335408604437834,-0.296144193289282,-0.0744848358546927,-0.151627874960641,-0.230358519158684,-0.139137594129145,-0.126623015655738,-0.0762686655685226,-0.211927344057968,-0.241221930895762,-0.0441010815199037,-0.105536787078868,-0.0733715749096387,-0.152769675702635,-0.0870174272045182,-0.126631029260934,-0.274333113058154,-0.308561634320324,-0.110143920423919,0.269149787819042
L84,-0.846404954046887,-0.911592151665209,-0.978479038244908,-0.868592920837387,-0.822873417565108,-1.0457426144307,-1.05607724231884,-1.02235545922466,-1.13403317883947,-0.97763773413929,-0.973512435081231,-1.01451574755298,-1.06929246493104,-1.06293031015724,-1.11119348407462,-1.11604002129467,-1.19431494665597,-1.1561816348314,-1.12662104869398,-1.11405643834462,-0.969959694607958,-0.995161855073958,-1.05283078892116,-1.10979624938225,-0.894940798632371,-1.08068993342975,-0.866633799313484,-0.963749380489188,-0.909463754941084,-1.07187235528119,-1.10134618005279,-1.16748621921646,-1.05328770636025,-1.06398879315193,-0.86873864795517,-1.09256104990416,-1.07568395141063,-1.05124858612842,-1.06982538376642,-1.08319380557398,-1.11734274365874,-1.02400764621384,-0.916920300043274,-0.94518716588005,-1.06191984054548,-0.943862162452629,-0.854853369579854,-0.757902633574201,-0.892234905198996,-1.06239347780675,-1.13188296368735,-1.22298395927384
L85,-0.858087099231782,-0.9122956948018,-1.02355585578072,-0.915240705076187,-0.702372203264336,-0.912531488777846,-0.915140335001601,-0.832805864563249,-0.712925302842668,-0.726675421441764,-0.759068131898028,-0.954037605016789,-0.874685110096945,-0.975737035558285,-0.965266319049141,-0.939760448938412,-1.07728343389653,-1.00090656370477,-0.994793785041198,-1.02888082689455,-1.00215326287419,-1.01060604164702,-0.869573459480758,-0.883199000125988,-0.304605111564442,-0.895101362948189,-0.988470096225218,-0.948902453925744,-0.932438177972233,-0.999151975848264,-0.93358652987005,-0.825551302391053,-1.01875388225143,-0.95099583946096,-0.992842921862817,-0.875649625266205,-0.902611879032426,-0.916229627059229,-0.8915194024621,-0.92397580685415,-0.861587458526271,-0.917024696074961,-0.888697767002084,-0.900137368440865,-0.884668336018889,-0.891557054269711,-0.910483585962662,-0.829782024305551,-0.816570269350453,-0.976705340705377,-1.05390468446353,-1.00937309117871
L86,-0.812425098264849,-0.875528710229302,-0.856577461560484,-0.853150833317268,-0.814996689817184,-0.844369111965857,-0.902208018828411,-0.891887850785929,-0.993136958026245,-0.888135777432128,-0.949564365593949,-0.94790139425989,-0.841832301591747,-0.748496088184688,-0.827679161061535,-0.612597543610756,-0.685146941157522,-0.765737774731862,-0.900041816356565,-0.731409270350527,-0.738125355344138,-0.769403594620922,-0.802308582263135,-0.92506733523685,-0.817194450458208,-0.815574152500784,-0.851776605115946,-0.882614046403496,-0.800329965884316,-0.767649916996849,-0.705020971926795,-0.91392015975112,-0.690576135498872,-0.79093638820572,-0.794200972960027,-0.745799232301037,-0.810518581836271,-0.783710437777137,-0.758810715492745,-0.771396440871261,-0.899290120640117,-0.739966439442103,-0.754286619067213,-0.627972715582268,-0.696767139364058,-0.674954737152092,-0.56594326318948,-0.526596166041556,-0.592416641615958,-0.548878977698714,-0.62289212025444,-0.826387265449345
L87,-0.932240041459292,-0.776703290937471,-0.718226633134808,-0.787463555280831,-0.870769468756588,-0.828565798313576,-0.722919879137884,-0.584216982021823,-0.497141303448295,-0.819671398503395,-0.567845758711366,-0.593468449527571,-0.517302394497996,-0.545750035679295,-0.610325073921068,-0.458609157330454,-0.526880982610671,-0.626922065607423,-0.322732195955066,-0.534503709943299,-0.558102879260878,-0.417022940079752,-0.614116519137609,-0.616353227967764,-0.68314201857715,-0.636613142393975,-0.591525333425883,-0.463582966509583,-0.622820764422655,-0.550762920196721,-0.663210155580925,-0.245199107873752,-0.559155383363897,-0.685757242014172,-0.616637384609383,-0.672046730366107,-0.596811186280477,-0.546551435300816,-0.535037159456503,-0.578865178232683,-0.347063435447876,-0.704830509327486,-0.59936742171499,-0.729704799883981,-0.688201598133683,-0.753552647372924,-0.699158012940004,-0.80054639605882,-0.748430131860132,-0.767155545932169,-0.64894821413316,-0.377696448706542
L88,-0.720645696080099,-0.7399546650078,-0.687567241578481,-0.732880527322402,-0.776082734161672,-0.843963286053774,-0.774128126476869,-0.596196400091244,-0.448856780045776,-0.594906944689345,-0.70191695550145,-0.710122962905643,-0.607826499923902,-0.627920525335779,-0.732615141845634,-0.589953707220163,-0.523377025039141,-0.627000457549505,-0.751380930453568,-0.744714525198683,-0.676200769593945,-0.681672304896015,-0.71177904368991,-0.830707304847498,-0.742107952602973,-0.697982568084002,-0.773312344286505,-0.660778068802248,-0.667751201135435,-0.758678722933187,-0.693772905558066,-0.721879800862854,-0.735578550302317,-0.632826995959067,-0.681953493983151,-0.721791375700514,-0.755097863906851,-0.809171040237719,-0.76013865076553,-0.639786564889999,-0.525053750513349,-0.603885606738281,-0.63211558018929,-0.541395184701518,-0.676969384570433,-0.70660967142329,-0.669574408832677,-0.507141891387342,-0.686227640963806,-0.709940490774686,-0.487403389417245,-0.665685133625125
L89,-0.779321648623566,-0.679789167674097,-0.727802466188048,-0.736248832773597,-0.689368333770281,-0.550761655359648,-0.508595968227079,-0.532388792886886,-0.604548015640735,-0.840802802713438,-0.696213260127414,-0.583577201263026,-0.629844933950159,-0.650955542028577,-0.634364162251762,-0.624302607614679,-0.716109051394644,-0.734095142800671,-0.655961349986946,-0.661653691598086,-0.636715740314769,-0.492287657318689,-0.699082269089227,-0.65330423318392,-0.890812117898438,-0.708965792989394,-0.696668457024219,-0.745024297984605,-0.516753744994166,-0.536078342503916,-0.578048703766229,-0.466146829672017,-0.586538201573709,-0.543923830565605,-0.424754063817865,-0.475849421287349,-0.520778920872148,-0.595365100714071,-0.62802432412583,-0.603809377878055,-0.689757095379601,-0.723646239614848,-0.60545267490498,-0.594055726580754,-0.663266176353756,-0.765577946714723,-0.879147350231494,-0.867179747017912,-0.82794830790858,-0.836298953420064,-0.945607469464691,-0.600569885857841
L90,-1.11303015886357,-1.06325604944297,-1.17513068047484,-1.07762698051305,-1.09766634354393,-1.00778889516377,-0.995633518876095,-0.994550226112628,-1.02682453994831,-0.981423937079789,-0.894414337382339,-0.974798161693742,-1.07993473068401,-1.07452355191287,-1.10381106798086,-1.24579760959496,-1.15855976819319,-1.19300593594745,-1.09636809516732,-1.20946771317068,-1.11575805731859,-1.05369636717163,-1.01190781821243,-0.983759116050066,-0.654232993254158,-1.23965750709771,-0.883938272085559,-0.955429261434882,-1.01849548696524,-1.11914252361903,-1.06968606538758,-1.0993127321742,-1.06645318354177,-1.16696958089591,-1.07653467967678,-1.04961136318262,-1.05648282261389,-0.961122750466631,-1.00445428618279,-1.06678437811982,-1.05994515017128,-1.16622246340954,-1.02701431784289,-1.0670087539957,-1.05412305553886,-0.938346099546407,-0.913361570842574,-0.867748935658851,-0.819752132784084,-0.883612990866962,-1.10806816100064,-1.20655988560729
L91,-1.81478445281537,-1.71386945203397,-1.7866507876971,-1.69677076625956,-1.68923431620442,-1.67258199297102,-1.66275051907356,-1.81983602363969,-1.86233224113813,-1.86903665401635,-1.71558059592851,-1.67312177050734,-1.64509336453738,-1.6257884642031,-1.63014683120037,-1.66686553227676,-1.70561683646761,-1.73072779803129,-1.82613274756078,-1.60963117590429,-1.65376513562322,-1.67332711399639,-1.76139268325223,-1.88241031256465,-1.91096090753807,-1.79811705322048,-1.86555247342303,-1.84035604066664,-1.75812613104937,-1.76441177391621,-1.78818200802235,-1.91577279844014,-1.74673243944085,-1.7312082030044,-1.81897308205673,-1.71726820816815,-1.70364962740625,-1.71546154133075,-1.74977018542063,-1.71638265421676,-1.77934982167416,-1.81637925600128,-1.68170369480812,-1.76428971232402,-1.76764602794968,-1.78988181674422,-1.83932654808763,-1.8988335836991,0.272214171760963,-0.400338920454327,-0.735173640120868,-0.740052507144605
L92,-1.81478445281537,-1.71386945203397,-1.7866507876971,-1.69677076625956,-1.68923431620442,-1.67258199297102,-1.66275051907356,-1.81983602363969,-1.86233224113813,-1.86903665401635,-1.71558059592851,-1.67312177050734,-1.64509336453738,-1.6257884642031,-1.63014683120037,-1.66686553227676,-1.70561683646761,-1.73072779803129,-1.82613274756078,-1.60963117590429,-1.65376513562322,-1.67332711399639,-0.615291196569195,0.575941455103961,0.162670897276276,0.301937057109366,0.243027488294372,0.172358818539311,0.124069042176219,-0.103626015038004,0.195200317331345,0.142292748993253,0.11079761347065,0.0925119212180803,-0.060475760827989,-0.109257907228908,0.0283242503382174,0.181380178791171,0.174841858018869,0.159349424743971,0.323150144145123,0.12157512069568,0.0955441877229132,0.067394524806073,0.165290929897788,0.016936806733937,0.165488866852263,-0.0123115156236757,0.192347417885578,0.286142196182325,0.19607592019869,-0.159559281584535
